"Id","名称","类别","英文目录","层级","来源","wingetId","安装方式","检测方式","检测参数","官网直链","包文件名","本地包","安装子目录","补丁程序","说明","插件","插件Id","分享地址","静默参数"
"nvidia.app","NVIDIA 应用程序 (NVIDIA App)","组件","Runtime","推荐","manual","","安装","arp","NVIDIA 应用程序","","","","NVIDIA_NVIDIA_App","","新版显卡控制面板 已装 11.0.2.337",,,,
"nvidia.container","NVIDIA Container","组件","Runtime","推荐","manual","","安装","arp","^NVIDIA Container","","","","NVIDIA_Container","","NVIDIA 服务容器 含 LocalSystem/Session/User 三类",,,,
"nvidia.backend","NVIDIA 后台服务","组件","Runtime","推荐","manual","","安装","arp","^NVIDIA (Backend|MessageBus|Telemetry|Watchdog|NvDLISR|Virtual Audio)","","","","NVIDIA","","NVIDIA 配套后台组件",,,,
"intel.graphics","Intel 显卡驱动","组件","Runtime","推荐","manual","","安装","video","Intel","","","","Intel","","Intel UHD Graphics 驱动",,,,
"realtek.audio","Realtek 音频驱动","组件","Runtime","推荐","manual","","安装","sound","Realtek","","","","Realtek","","Realtek HD Audio(SST)",,,,
"nahimic","Nahimic 音效","组件","Runtime","推荐","manual","","安装","pnp","Nahimic","","","","Nahimic","","Nahimic APO/VAD/环绕 3D 音效",,,,
"lenovo.fn","Lenovo Fn 热键","组件","Runtime","推荐","manual","","安装","pnp","Lenovo.*(Fn|Hotkey|Virtual Power)","","","","Lenovo_Fn","","Fn 功能键驱动",,,,
"lenovo.acpi","Lenovo ACPI","组件","Runtime","推荐","manual","","安装","pnp","Lenovo ACPI","","","","Lenovo_ACPI","","ACPI 电源管理组件",,,,
"gaomon","GaomonTablet 手写板","组件","Runtime","推荐","manual","","安装","arp","^GaomonTablet","","","","GaomonTablet","","高漫数位板驱动 已装 16.0.0.203",,,,
"huion","HUION 手写板","组件","Runtime","推荐","manual","","安装","arp","HUION","","","","HUION","","绘王数位板驱动 (本机未装)",,,,
"iriun","Iriun Webcam 虚拟摄像头","组件","Runtime","推荐","manual","","安装","arp","Iriun Webcam","","","","Iriun_Webcam","","手机当摄像头 已装 2.8.6",,,,
"vbcable","VB-Audio Cable 虚拟声卡","组件","Runtime","推荐","manual","","安装","arp","VBCABLE","","","","VB-Audio_Cable","","虚拟音频线 已装",,,,
"voicemeeter","Voicemeeter 虚拟混音器","组件","Runtime","推荐","manual","","安装","arp","^Voicemeeter","","","","Voicemeeter","","虚拟混音器 已装",,,,
"xrite","X-Rite Color Assistant 校色","组件","Runtime","推荐","manual","","安装","arp","X-Rite Color Assistant","","","","X-Rite_Color_Assistant","","联想屏幕校色工具 已装 2.57.0",,,,
"aispeech","AISpeech 音效组件","组件","Runtime","推荐","manual","","安装","pnp","AISpeech","","","","AISpeech","","语音 AI 音效组件 已装 1.5.1.20",,,,
"xvdd","Xvdd SCSI Miniport (Xbox)","组件","Runtime","推荐","manual","","安装","pnp","Xvdd SCSI","","","","Xvdd_SCSI_Miniport_Xbox","","Xbox 虚拟 SCSI 设备 系统自带",,,,
"vcredist.2005.x64","VC++ 2005 运行库 (x64)","运行库","Runtime","推荐","winget","Microsoft.VCRedist.2005.x64","安装","arp","Visual C\+\+ 2005 Redistributable \(x64\)","https://download.microsoft.com/download/4/A/2/4A22001F-FA3B-4C13-BF4E-42EC249D51C4/vcredist_x64.EXE","","","VC++_2005_x64","","老游戏与老软件常见依赖",,,,
"vcredist.2005.x86","VC++ 2005 运行库 (x86)","运行库","Runtime","推荐","winget","Microsoft.VCRedist.2005.x86","安装","arp","Visual C\+\+ 2005 Redistributable(?! \(x64\))","https://download.microsoft.com/download/4/A/2/4A22001F-FA3B-4C13-BF4E-42EC249D51C4/vcredist_x86.EXE","","","VC++_2005_x86","","老游戏与老软件常见依赖",,,,
"vcredist.2008.x64","VC++ 2008 运行库 (x64)","运行库","Runtime","推荐","winget","Microsoft.VCRedist.2008.x64","安装","arp","Visual C\+\+ 2008 Redistributable - x64","","","","VC++_2008_x64","","",,,,
"vcredist.2008.x86","VC++ 2008 运行库 (x86)","运行库","Runtime","推荐","winget","Microsoft.VCRedist.2008.x86","安装","arp","Visual C\+\+ 2008 Redistributable - x86","","","","VC++_2008_x86","","",,,,
"vcredist.2010.x64","VC++ 2010 运行库 (x64)","运行库","Runtime","推荐","winget","Microsoft.VCRedist.2010.x64","安装","arp","Visual C\+\+ 2010\s+x64 Redistributable","","","","VC++_2010_x64","","",,,,
"vcredist.2010.x86","VC++ 2010 运行库 (x86)","运行库","Runtime","推荐","winget","Microsoft.VCRedist.2010.x86","安装","arp","Visual C\+\+ 2010\s+x86 Redistributable","","","","VC++_2010_x86","","",,,,
"vcredist.2012.x64","VC++ 2012 运行库 (x64)","运行库","Runtime","推荐","winget","Microsoft.VCRedist.2012.x64","安装","arp","Visual C\+\+ 2012 Redistributable \(x64\)","","","","VC++_2012_x64","","",,,,
"vcredist.2012.x86","VC++ 2012 运行库 (x86)","运行库","Runtime","推荐","winget","Microsoft.VCRedist.2012.x86","安装","arp","Visual C\+\+ 2012 Redistributable \(x86\)","","","","VC++_2012_x86","","",,,,
"vcredist.2013.x64","VC++ 2013 运行库 (x64)","运行库","Runtime","推荐","winget","Microsoft.VCRedist.2013.x64","安装","arp","Visual C\+\+ 2013 Redistributable \(x64\)","","","","VC++_2013_x64","","",,,,
"vcredist.2013.x86","VC++ 2013 运行库 (x86)","运行库","Runtime","推荐","winget","Microsoft.VCRedist.2013.x86","安装","arp","Visual C\+\+ 2013 Redistributable \(x86\)","","","","VC++_2013_x86","","",,,,
"vcredist.2015.x64","VC++ 2015-2022 运行库 (x64)","运行库","Runtime","核心","winget","Microsoft.VCRedist.2015+.x64","安装","arp","Visual C\+\+ 2015-\d{4} Redistributable \(x64\)","","","","VC++_2015-2022_x64","","绝大多数现代软件都需要",,,,
"vcredist.2015.x86","VC++ 2015-2022 运行库 (x86)","运行库","Runtime","核心","winget","Microsoft.VCRedist.2015+.x86","安装","arp","Visual C\+\+ 2015-\d{4} Redistributable \(x86\)","","","","VC++_2015-2022_x86","","绝大多数现代软件都需要",,,,
"dotnetfx48",".NET Framework 4.8.1 运行时","运行库","Runtime","核心","winget","Microsoft.DotNet.Framework.Runtime","安装","regRelease","HKLM:\SOFTWARE\Microsoft\NET Framework Setup\NDP\v4\Full","","","","NET_Framework_4.8.1","","Win10 1903+ 与 Win11 已内置",,,,
"dotnetfx48.devpack",".NET Framework 4.8.1 开发包","运行库","Runtime","按需","winget","Microsoft.DotNet.Framework.DeveloperPack_4","安装","arp","\.NET Framework 4\.8\.1 (Developer Pack|SDK|Targeting Pack)","","","","NET_Framework_4.8.1","","仅开发用途 体积较大",,,,
"dotnetfx11",".NET Framework 1.1 运行时","运行库","Runtime","按需","winget","Microsoft.DotNet.Framework.Redistributable.1_1","安装","regSubkey","HKLM:\SOFTWARE\Microsoft\NET Framework Setup\NDP|v1.1.4322","","","","NET_Framework_1.1","","极老软件才需要",,,,
"dotnet.repairtool",".NET Framework 修复工具","运行库","Runtime","按需","winget","Microsoft.DotNet.RepairTool","安装","none","","","","","NET_Framework","","只在 .NET 出问题时手动运行",,,,
"dotnet.desktop.3_1",".NET 桌面运行时 3.1","运行库","Runtime","按需","winget","Microsoft.DotNet.DesktopRuntime.3_1","安装","dotnet","Microsoft.WindowsDesktop.App|3","","","","NET_3.1","","已停止支持",,,,
"dotnet.desktop.5",".NET 桌面运行时 5","运行库","Runtime","按需","winget","Microsoft.DotNet.DesktopRuntime.5","安装","dotnet","Microsoft.WindowsDesktop.App|5","","","","NET_5","","已停止支持",,,,
"dotnet.desktop.6",".NET 桌面运行时 6","运行库","Runtime","推荐","winget","Microsoft.DotNet.DesktopRuntime.6","安装","dotnet","Microsoft.WindowsDesktop.App|6","","","","NET_6","","已停止支持但存量软件多",,,,
"dotnet.desktop.8",".NET 桌面运行时 8","运行库","Runtime","核心","winget","Microsoft.DotNet.DesktopRuntime.8","安装","dotnet","Microsoft.WindowsDesktop.App|8","","","","NET_8","","LTS 主力版本",,,,
"dotnet.desktop.9",".NET 桌面运行时 9","运行库","Runtime","推荐","winget","Microsoft.DotNet.DesktopRuntime.9","安装","dotnet","Microsoft.WindowsDesktop.App|9","","","","NET_9","","标准支持期版本",,,,
"dotnet.desktop.10",".NET 桌面运行时 10","运行库","Runtime","推荐","winget","Microsoft.DotNet.DesktopRuntime.10","安装","dotnet","Microsoft.WindowsDesktop.App|10","","","","NET_10","","最新 LTS",,,,
"dotnet.runtime.3_1",".NET 运行时 3.1 (控制台)","运行库","Runtime","按需","winget","Microsoft.DotNet.Runtime.3_1","安装","dotnet","Microsoft.NETCore.App|3","","","","NET_3.1","","已停止支持",,,,
"dotnet.runtime.5",".NET 运行时 5 (控制台)","运行库","Runtime","按需","winget","Microsoft.DotNet.Runtime.5","安装","dotnet","Microsoft.NETCore.App|5","","","","NET_5","","已停止支持",,,,
"dotnet.runtime.6",".NET 运行时 6 (控制台)","运行库","Runtime","推荐","winget","Microsoft.DotNet.Runtime.6","安装","dotnet","Microsoft.NETCore.App|6","","","","NET_6","","",,,,
"dotnet.runtime.8",".NET 运行时 8 (控制台)","运行库","Runtime","核心","winget","Microsoft.DotNet.Runtime.8","安装","dotnet","Microsoft.NETCore.App|8","","","","NET_8","","大量命令行工具依赖",,,,
"dotnet.runtime.9",".NET 运行时 9 (控制台)","运行库","Runtime","推荐","winget","Microsoft.DotNet.Runtime.9","安装","dotnet","Microsoft.NETCore.App|9","","","","NET_9","","",,,,
"dotnet.runtime.10",".NET 运行时 10 (控制台)","运行库","Runtime","推荐","winget","Microsoft.DotNet.Runtime.10","安装","dotnet","Microsoft.NETCore.App|10","","","","NET_10","","",,,,
"dotnet.aspnet.6","ASP.NET Core 运行时 6","运行库","Runtime","按需","winget","Microsoft.DotNet.AspNetCore.6","安装","dotnet","Microsoft.AspNetCore.App|6","","","","ASP.NET_Core_6","","Web 服务端用途",,,,
"dotnet.aspnet.8","ASP.NET Core 运行时 8","运行库","Runtime","按需","winget","Microsoft.DotNet.AspNetCore.8","安装","dotnet","Microsoft.AspNetCore.App|8","","","","ASP.NET_Core_8","","Web 服务端用途",,,,
"dotnet.aspnet.9","ASP.NET Core 运行时 9","运行库","Runtime","按需","winget","Microsoft.DotNet.AspNetCore.9","安装","dotnet","Microsoft.AspNetCore.App|9","","","","ASP.NET_Core_9","","Web 服务端用途",,,,
"java.temurin.8","Temurin JDK 8 (LTS)","运行库","Runtime","按需","winget","EclipseAdoptium.Temurin.8.JDK","安装","regSubkey","HKLM:\SOFTWARE\Eclipse Adoptium\JDK|8","","","","Temurin_JDK_8_LTS","","免费开源 替代 Oracle JDK8",,,,
"java.temurin.17","Temurin JDK 17 (LTS)","运行库","Runtime","推荐","winget","EclipseAdoptium.Temurin.17.JDK","安装","regSubkey","HKLM:\SOFTWARE\Eclipse Adoptium\JDK|17","","","","Temurin_JDK_17_LTS","","Minecraft 等常用",,,,
"java.temurin.21","Temurin JDK 21 (LTS)","运行库","Runtime","推荐","winget","EclipseAdoptium.Temurin.21.JDK","安装","regSubkey","HKLM:\SOFTWARE\Eclipse Adoptium\JDK|21","","","","Temurin_JDK_21_LTS","","当前主流 LTS",,,,
"directx.legacy","DirectX 9.0c 旧版运行时库","运行库","Runtime","核心","official","","安装","file","all:SysWOW64\d3dx9_43.dll|System32\d3dx9_43.dll|SysWOW64\d3dx10_43.dll|System32\d3dx10_43.dll|SysWOW64\d3dx11_43.dll|System32\d3dx11_43.dll|SysWOW64\xinput1_3.dll|System32\xinput1_3.dll|SysWOW64\xaudio2_7.dll|System32\xaudio2_7.dll|SysWOW64\xactengine3_7.dll|System32\xactengine3_7.dll|SysWOW64\d3dcompiler_43.dll|System32\d3dcompiler_43.dll","https://download.microsoft.com/download/8/4/A/84A35BF1-DAFE-4AE8-82AF-AD2AE20B6B14/directx_Jun2010_redist.exe","","","DirectX_9.0c","","老游戏必需的 D3DX9/10/11 与 XAudio2.7",,,,
"webview2","Edge WebView2 运行时","运行库","Runtime","核心","winget","Microsoft.EdgeWebView2Runtime","安装","webview2","","","","","Edge_WebView2","","内嵌浏览器控件 大量软件依赖",,,,
"xna","XNA Framework 4.0","运行库","Runtime","核心","winget","Microsoft.XNARedist","安装","arp","XNA Framework Redistributable","","","","XNA_Framework_4.0","","老 XNA 游戏必需",,,,
"openal","OpenAL 音频库","运行库","Runtime","核心","winget","CreativeTechnology.OpenAL","安装","arp","^OpenAL","","","","OpenAL","","3D 音频 API 游戏常用",,,,
"gameinput","Microsoft GameInput","运行库","Runtime","核心","winget","Microsoft.GameInput","安装","arp","Microsoft GameInput","","","","Microsoft_GameInput","","手柄与游戏输入支持",,,,
"physx","NVIDIA PhysX 系统软件","运行库","Runtime","按需","winget","Nvidia.PhysX","安装","arp","NVIDIA PhysX","","","","NVIDIA_PhysX","","仅在 NVIDIA 显卡上安装",,,,
"physx.legacy","NVIDIA PhysX 旧版运行时","运行库","Runtime","按需","winget","Nvidia.PhysXLegacy","安装","arp","NVIDIA PhysX \(Legacy\)|NVIDIA PhysX 物理加速","","","","NVIDIA_PhysX","","老游戏专用",,,,
"msxml4","MSXML 4.0 SP3 解析器","运行库","Runtime","核心","winget","Microsoft.MSXML.4","安装","arp","MSXML 4\.0 SP3","","","","MSXML_4.0_SP3","","老软件与老游戏依赖",,,,
"winappsdk.1.5","Windows App Runtime 1.5","运行库","Runtime","按需","winget","Microsoft.WindowsAppRuntime.1.5","安装","msix","Microsoft.WindowsAppRuntime.1.5","","","","Windows_App_Runtime_1.5","","",,,,
"winappsdk.1.6","Windows App Runtime 1.6","运行库","Runtime","按需","winget","Microsoft.WindowsAppRuntime.1.6","安装","msix","Microsoft.WindowsAppRuntime.1.6","","","","Windows_App_Runtime_1.6","","",,,,
"winappsdk.1.7","Windows App Runtime 1.7","运行库","Runtime","按需","winget","Microsoft.WindowsAppRuntime.1.7","安装","msix","Microsoft.WindowsAppRuntime.1.7","","","","Windows_App_Runtime_1.7","","",,,,
"winappsdk.1.8","Windows App Runtime 1.8","运行库","Runtime","推荐","winget","Microsoft.WindowsAppRuntime.1.8","安装","msix","Microsoft.WindowsAppRuntime.1.8","","","","Windows_App_Runtime_1.8","","新式 WinUI3 应用依赖",,,,
"winappsdk.2","Windows App Runtime 2.x","运行库","Runtime","按需","winget","Microsoft.WindowsAppRuntime.2","安装","msix","Microsoft.WindowsAppRuntime.2","","","","Windows_App_Runtime_2.x","","",,,,
"uixaml.2.5","WinUI 2.5","运行库","Runtime","按需","winget","Microsoft.UI.Xaml.2.5","安装","msix","Microsoft.UI.Xaml.2.5","","","","WinUI_2.5","","",,,,
"uixaml.2.6","WinUI 2.6","运行库","Runtime","按需","winget","Microsoft.UI.Xaml.2.6","安装","msix","Microsoft.UI.Xaml.2.6","","","","WinUI_2.6","","",,,,
"uixaml.2.7","WinUI 2.7","运行库","Runtime","按需","winget","Microsoft.UI.Xaml.2.7","安装","msix","Microsoft.UI.Xaml.2.7","","","","WinUI_2.7","","",,,,
"uixaml.2.8","WinUI 2.8","运行库","Runtime","推荐","winget","Microsoft.UI.Xaml.2.8","安装","msix","Microsoft.UI.Xaml.2.8","","","","WinUI_2.8","","大量第三方界面依赖",,,,
"java.oracle.8","Oracle Java 8 (JRE)","运行库","Runtime","推荐","winget","Oracle.JavaRuntimeEnvironment","安装","arp","^Java 8 Update|^Java\(TM\) SE Development Kit 1\.8","","","","Oracle_Java_8_JRE","","本机已装 Oracle JRE 8 Update 481",,,,
"java.oracle.25","Oracle JDK 25","运行库","Runtime","推荐","manual","","安装","Java\(TM\) SE Development Kit 25","","","","","Oracle_JDK_25","","",,,,
"official-base.Java_8","Java 8","系统基础","SystemBase","推荐","pan123","","便携","none","","","Java 8","yes","Java_8","","来自插件: 官方基础软件","官方基础软件","official-base","https://1828566527.share.123pan.cn/123pan/2KXljv-SqGSv",""
"official-base.VC++","VC++ 运行库（基础包","系统基础","SystemBase","推荐","pan123","","便携","none","","","VC++ 运行库（基础包","yes","VC++","","来自插件: 官方基础软件","官方基础软件","official-base","https://1828566527.share.123pan.cn/123pan/2KXljv-SqGSv",""
"official-base.app","火绒","系统基础","SystemBase","推荐","official","","安装","arp","火绒安全|Huorong","https://www.huorong.cn/person5.html","火绒.exe","yes","app","","来自插件: 官方基础软件","官方基础软件","official-base","",""
"official-base.IObit_Malware_Fighter","IObit Malware Fighter","系统基础","SystemBase","推荐","pan123","","便携","none","","","IObit Malware Fighter","yes","IObit_Malware_Fighter","","来自插件: 官方基础软件","官方基础软件","official-base","https://1828566527.share.123pan.cn/123pan/2KXljv-SqGSv",""
"official-base.app2","流氓软件数签证书","系统基础","SystemBase","推荐","pan123","","手动","none","","","流氓软件数签证书.zip","yes","app2","","流氓软件数签证书 → 流氓软件数签证书.zip","官方基础软件","official-base","https://1828566527.share.123pan.cn/123pan/2KXljv-YXcuv",""
"official-base.app3","禁止软件联网","系统基础","SystemBase","推荐","pan123","","便携","none","","","Firewall_App_Blocker.rar","yes","app3","","禁止软件联网 → Firewall_App_Blocker.rar","官方基础软件","official-base","https://1828566527.share.123pan.cn/123pan/2KXljv-SqGSv",""
"official-base.app4","阻止应用联网","系统基础","SystemBase","推荐","pan123","","便携","none","","","阻止应用联网.zip","yes","app4","","阻止应用联网 → 阻止应用联网.zip","官方基础软件","official-base","https://1828566527.share.123pan.cn/123pan/2KXljv-SqGSv",""
"official-base.AdvancedSystemCare","AdvancedSystemCare 本体","系统基础","SystemBase","推荐","pan123","","便携","none","","","AdvancedSystemCare 本体","yes","AdvancedSystemCare","","来自插件: 官方基础软件","官方基础软件","official-base","https://1828566527.share.123pan.cn/123pan/2KXljv-SqGSv",""
"official-base.app5","图吧工具箱","系统基础","SystemBase","推荐","official","","安装","arp","图吧工具箱","https://www.tbtool.cn/","图吧工具箱202601.1安装包.exe","yes","app5","","图吧工具箱 → 图吧工具箱202601.1安装包.exe","官方基础软件","official-base","",""
"official-base.4DDiG_DLL_Fixer_4DDiG_DLL_Fixer","4DDiG DLL Fixer → 4DDiG DLL Fixer","系统基础","SystemBase","推荐","pan123","","便携","none","","","v1.0.7.3-Setup∕Crack.7z","yes","4DDiG_DLL_Fixer_4DDiG_DLL_Fixer","","4DDiG DLL Fixer → 4DDiG DLL Fixer v1.0.7.3-Setup∕Crack.7z","官方基础软件","official-base","https://1828566527.share.123pan.cn/123pan/2KXljv-SqGSv",""
"official-base.iTop_Data_Recovery","iTop Data Recovery","系统基础","SystemBase","推荐","pan123","","便携","none","","","itop_data_recovery_5.4.0.840-Portable.zip","yes","iTop_Data_Recovery","","iTop Data Recovery → itop_data_recovery_5.4.0.840-Portable.zip","官方基础软件","official-base","https://1828566527.share.123pan.cn/123pan/2KXljv-SqGSv",""
"official-base.IObit_Unlocker","IObit Unlocker","系统基础","SystemBase","推荐","official","","便携","arp","IObit Unlocker","https://www.iobit.com/en/iobit-unlocker.php","IObit_Unlocker_1.3.0.11_Single.zip","yes","IObit_Unlocker","","IObit Unlocker → IObit_Unlocker_1.3.0.11_Single.zip","官方基础软件","official-base","",""
"official-base.DriverBooster","DriverBooster","系统基础","SystemBase","推荐","pan123","","便携","none","","","DriverBoosterPro13.2.0.184Portable.7z","yes","DriverBooster","","DriverBooster → DriverBoosterPro13.2.0.184Portable.7z","官方基础软件","official-base","https://1828566527.share.123pan.cn/123pan/2KXljv-SqGSv",""
"official-base.SoftCnKiller","SoftCnKiller","系统基础","SystemBase","推荐","pan123","","便携","none","","","SoftCnKiller2.85.exe","yes","SoftCnKiller","","SoftCnKiller → SoftCnKiller2.85.exe","官方基础软件","official-base","https://1828566527.share.123pan.cn/123pan/2KXljv-YXcuv",""
"official-base.Autoruns","Autoruns","系统基础","SystemBase","推荐","pan123","","便携","none","","","Autoruns启动项管理工具14.09.zip","yes","Autoruns","","Autoruns → Autoruns启动项管理工具14.09.zip","官方基础软件","official-base","https://1828566527.share.123pan.cn/123pan/2KXljv-SqGSv",""
"official-base.WinTune","WinTune","系统基础","SystemBase","推荐","pan123","","便携","arp","WinTune","","WinTune.2.75.Pre-release.7z","yes","WinTune","","WinTune → WinTune.2.75.Pre-release.7z","官方基础软件","official-base","https://1828566527.share.123pan.cn/123pan/2KXljv-YXcuv",""
"official-base.ZyperWin++","ZyperWin++","系统基础","SystemBase","推荐","pan123","","便携","none","","","ZyperWin++4.1.zip","yes","ZyperWin++","","ZyperWin++ → ZyperWin++4.1.zip","官方基础软件","official-base","https://1828566527.share.123pan.cn/123pan/2KXljv-YXcuv",""
"official-base.Optimizer","Optimizer","系统基础","SystemBase","推荐","official","","便携","none","","https://github.com/hellzerg/optimizer/releases","Optimizer-16.7.exe","yes","Optimizer","","Optimizer → Optimizer-16.7.exe","官方基础软件","official-base","",""
"official-base.NTLite","NTLite","系统基础","SystemBase","推荐","pan123","","便携","none","","","NTLite_2025.8.10552_Green.7z","yes","NTLite","","NTLite → NTLite_2025.8.10552_Green.7z","官方基础软件","official-base","https://1828566527.share.123pan.cn/123pan/2KXljv-SqGSv",""
"official-base.Windows_Windows","Windows 高级电源辅助管理工具 → Windows","系统基础","SystemBase","推荐","pan123","","安装","none","","","高级电源辅助管理工具.exe","yes","Windows_Windows","","Windows 高级电源辅助管理工具 → Windows 高级电源辅助管理工具.exe","官方基础软件","official-base","https://1828566527.share.123pan.cn/123pan/2KXljv-SqGSv",""
"official-base.SmartDefrag","SmartDefrag","系统基础","SystemBase","推荐","pan123","","便携","none","","","SmartDefrag_11.1.0.466_Single.zip","yes","SmartDefrag","","SmartDefrag → SmartDefrag_11.1.0.466_Single.zip","官方基础软件","official-base","https://1828566527.share.123pan.cn/123pan/2KXljv-SqGSv",""
"official-base.WiseCare365","WiseCare365","系统基础","SystemBase","推荐","pan123","","便携","none","","","WiseCare365-Pro-6.6.6.636.zip","yes","WiseCare365","","WiseCare365 → WiseCare365-Pro-6.6.6.636.zip","官方基础软件","official-base","https://1828566527.share.123pan.cn/123pan/2KXljv-SqGSv",""
"official-base.app6","个人文件转移工具 → 个人文件转移工具","系统基础","SystemBase","推荐","pan123","","安装","none","","","V1.8.exe","yes","app6","","个人文件转移工具 → 个人文件转移工具 V1.8.exe","官方基础软件","official-base","https://1828566527.share.123pan.cn/123pan/2KXljv-SqGSv",""
"official-base.BCUninstaller","BCUninstaller","系统基础","SystemBase","推荐","pan123","","便携","none","","","BCUninstaller_5.7.0.0.zip","yes","BCUninstaller","","BCUninstaller → BCUninstaller_5.7.0.0.zip","官方基础软件","official-base","https://1828566527.share.123pan.cn/123pan/2KXljv-SqGSv",""
"official-base.IObit_Uninstaller","IObit Uninstaller","系统基础","SystemBase","推荐","pan123","","便携","none","","","IObitUninstaller15.2.0.2Green.7z","yes","IObit_Uninstaller","","IObit Uninstaller → IObitUninstaller15.2.0.2Green.7z","官方基础软件","official-base","https://1828566527.share.123pan.cn/123pan/2KXljv-SqGSv",""
"official-base.app7","搜狗输入法","系统基础","SystemBase","推荐","pan123","","便携","none","","","搜狗输入法","yes","app7","","来自插件: 官方基础软件","官方基础软件","official-base","https://1828566527.share.123pan.cn/123pan/2KXljv-SqGSv",""
"official-base.app8","输入法删除工具","系统基础","SystemBase","推荐","pan123","","便携","none","","","输入法删除工具","yes","app8","","来自插件: 官方基础软件","官方基础软件","official-base","https://1828566527.share.123pan.cn/123pan/2KXljv-SqGSv",""
"official-base.app9","初音未来预设","系统基础","SystemBase","推荐","pan123","","便携","none","","","初音未来预设","yes","app9","","初音未来预设（.mepack）","官方基础软件","official-base","https://1828566527.share.123pan.cn/123pan/2KXljv-SqGSv",""
"official-base.Bandizip","Bandizip 安装包","系统基础","SystemBase","推荐","pan123","","便携","none","","","Bandizip 安装包","yes","Bandizip","","来自插件: 官方基础软件","官方基础软件","official-base","https://1828566527.share.123pan.cn/123pan/2KXljv-SqGSv",""
"official-base.zip","解压软件.zip","系统基础","SystemBase","推荐","pan123","","便携","none","","","解压软件.zip","yes","zip","","来自插件: 官方基础软件","官方基础软件","official-base","https://1828566527.share.123pan.cn/123pan/2KXljv-SqGSv",""
"official-base.Everything","Everything","系统基础","SystemBase","推荐","official","","安装","none","","https://www.voidtools.com/downloads/","","","Everything","","Everything （图吧工具箱自带）","官方基础软件","official-base","",""
"official-base.Snow_Shot","Snow Shot","系统基础","SystemBase","推荐","official","","安装","arp","^Snow Shot","https://snowshot.top/download/","Snow_Shot_windows-x64.exe","yes","Snow_Shot","","Snow Shot → Snow_Shot_windows-x64.exe","官方基础软件","official-base","",""
"official-base.CopyQ","CopyQ","系统基础","SystemBase","推荐","pan123","","安装","arp","^CopyQ","","copyq-13.0.0-setup.exe","yes","CopyQ","","CopyQ → copyq-13.0.0-setup.exe","官方基础软件","official-base","https://1828566527.share.123pan.cn/123pan/2KXljv-OaNUv",""
"official-base.TieZ","TieZ","系统基础","SystemBase","推荐","pan123","","安装","none","","","TieZ_0.2.7_x64-setup.exe","yes","TieZ","","TieZ → TieZ_0.2.7_x64-setup.exe","官方基础软件","official-base","https://1828566527.share.123pan.cn/123pan/2KXljv-SqGSv",""
"official-base.BandiView_Pro_BandiView_Pro_v7.07","BandiView Pro → BandiView Pro v7.07","系统基础","SystemBase","推荐","pan123","","便携","none","","","多国语言特别版.7z","yes","BandiView_Pro_BandiView_Pro_v7.07","","BandiView Pro → BandiView Pro v7.07 多国语言特别版.7z","官方基础软件","official-base","https://1828566527.share.123pan.cn/123pan/2KXljv-SqGSv",""
"official-base.QuickLook","QuickLook","系统基础","SystemBase","推荐","pan123","","便携","none","","","QuickLook-4.4.0.7z","yes","QuickLook","","QuickLook → QuickLook-4.4.0.7z","官方基础软件","official-base","https://1828566527.share.123pan.cn/123pan/2KXljv-OaNUv",""
"official-base.Office_Tool_Plus","Office Tool Plus","系统基础","SystemBase","推荐","official","","便携","none","","https://otp.landian.vip/","","","Office_Tool_Plus","","来自插件: 官方基础软件","官方基础软件","official-base","",""
"official-base.exe","摄像头.exe","系统基础","SystemBase","推荐","pan123","","安装","none","","","摄像头.exe","yes","exe","","来自插件: 官方基础软件","官方基础软件","official-base","https://1828566527.share.123pan.cn/123pan/2KXljv-SqGSv",""
"official-base.app10","微信","网络下载","NetDownload","推荐","pan123","","安装","arp","微信|WeChat","","WeChatWin_4.1.7.exe","yes","app10","","微信 → WeChatWin_4.1.7.exe","官方基础软件","official-base","https://1828566527.share.123pan.cn/123pan/2KXljv-OaNUv",""
"official-base.QQ_app","QQ","网络下载","NetDownload","推荐","pan123","","安装","arp","^QQ","","QQ_9.9.26_260116_x64_01.exe","yes","QQ_QQ_app","","QQ → QQ_9.9.26_260116_x64_01.exe","官方基础软件","official-base","https://1828566527.share.123pan.cn/123pan/2KXljv-OaNUv",""
"official-base.app11","防撤回插件","网络下载","NetDownload","推荐","pan123","","便携","none","","","防撤回.zip","yes","app11","","防撤回插件 → 防撤回.zip","官方基础软件","official-base","https://1828566527.share.123pan.cn/123pan/2KXljv-SqGSv",""
"official-base.app12","百度网盘","网络下载","NetDownload","推荐","pan123","","安装","arp","百度网盘|BaiduNetdisk","","BaiduNetdisk_8.2.1.102.exe","yes","app12","","来自插件: 官方基础软件","官方基础软件","official-base","https://1828566527.share.123pan.cn/123pan/2KXljv-OaNUv",""
"official-base.123_app","123云盘客户端","网络下载","NetDownload","推荐","pan123","","便携","none","","","123云盘客户端","yes","123_123_app","","来自插件: 官方基础软件","官方基础软件","official-base","https://1828566527.share.123pan.cn/123pan/2KXljv-SqGSv",""
"official-base.app13","迅雷","网络下载","NetDownload","推荐","pan123","","安装","arp","迅雷|Thunder","","XunLeiWebSetup12.1.6.2780gw.exe","yes","app13","","迅雷 → XunLeiWebSetup12.1.6.2780gw.exe","官方基础软件","official-base","https://1828566527.share.123pan.cn/123pan/2KXljv-OaNUv",""
"official-base.app14","夸克","网络下载","NetDownload","推荐","pan123","","安装","arp","夸克|Quark","","QuarkPC_V6.3.0.701_pc_pf30002_(zh-cn)_releasemini_(Build2655854-1001-x64).exe","yes","app14","","夸克 → QuarkPC_V6.3.0.701...exe","官方基础软件","official-base","https://1828566527.share.123pan.cn/123pan/2KXljv-OaNUv",""
"official-base.BitComet_BitComet_Stable","BitComet → BitComet Stable","网络下载","NetDownload","推荐","pan123","","便携","none","","","比特彗星全功能解锁豪华版.7z","yes","BitComet_BitComet_Stable","","BitComet → BitComet Stable (build 2.20.1.19) 比特彗星全功能解锁豪华版.7z","官方基础软件","official-base","https://1828566527.share.123pan.cn/123pan/2KXljv-SqGSv",""
"official-base.Motrix","Motrix","网络下载","NetDownload","推荐","pan123","","安装","arp","Motrix","","Motrix-1.8.19-x64.exe","yes","Motrix","","Motrix → Motrix-1.8.19-x64.exe","官方基础软件","official-base","https://1828566527.share.123pan.cn/123pan/2KXljv-OaNUv",""
"official-base.XDown","XDown","网络下载","NetDownload","推荐","pan123","","便携","none","","","xdown-2.0.9.5.zip","yes","XDown","","XDown → xdown-2.0.9.5.zip","官方基础软件","official-base","https://1828566527.share.123pan.cn/123pan/2KXljv-OaNUv",""
"official-base.NeatDM","NeatDM 下载器 → 别再骂下载慢了，请先安装这个下载器","网络下载","NetDownload","推荐","pan123","","安装","none","","",".exe","yes","NeatDM","","NeatDM 下载器 → 别再骂下载慢了，请先安装这个下载器(NDM).exe","官方基础软件","official-base","https://1828566527.share.123pan.cn/123pan/2KXljv-SqGSv",""
"official-base.JiJiDown","JiJiDown","网络下载","NetDownload","推荐","pan123","","安装","none","","","JiJiDown_setup.exe","yes","JiJiDown","","JiJiDown → JiJiDown_setup.exe","官方基础软件","official-base","https://1828566527.share.123pan.cn/123pan/2KXljv-OaNUv",""
"official-base.exe2","网盘解析.exe","网络下载","NetDownload","推荐","pan123","","安装","none","","","网盘解析.exe","yes","exe","","来自插件: 官方基础软件","官方基础软件","official-base","https://1828566527.share.123pan.cn/123pan/2KXljv-SqGSv",""
"official-base.exe3","试卷下载.exe","网络下载","NetDownload","推荐","pan123","","安装","none","","","试卷下载.exe","yes","exe","","来自插件: 官方基础软件","官方基础软件","official-base","https://1828566527.share.123pan.cn/123pan/2KXljv-SqGSv",""
"official-base.app15","萌娘助手","网络下载","NetDownload","推荐","official","","便携","none","","https://zh.moegirl.org.cn/","","","app15","","来自插件: 官方基础软件","官方基础软件","official-base","",""
"official-base.Edge","Edge 扩展","网络下载","NetDownload","推荐","manual","","手动","none","","","","","Edge","","来自插件: 官方基础软件","官方基础软件","official-base","",""
"official-base.Watt_Toolkit","Watt Toolkit","网络下载","NetDownload","推荐","manual","","安装","arp","Watt Toolkit","","Steam___v3.0.0-rc.16_win_x64.exe","yes","Watt_Toolkit","","Watt Toolkit（原 Steam++）→ Steam___v3.0.0-rc.16_win_x64.exe","官方基础软件","official-base","",""
"official-base.CC_app","CC加速器","网络下载","NetDownload","推荐","pan123","","安装","arp","CCspeed","","CCspeed_GW_V3.4.0917.567.exe","yes","CC_CC_app","","CC加速器 → CCspeed_GW_V3.4.0917.567.exe","官方基础软件","official-base","https://1828566527.share.123pan.cn/123pan/2KXljv-OaNUv",""
"official-base.EVDO","EVDO","网络下载","NetDownload","推荐","pan123","","便携","none","","","EVDO.exe","yes","EVDO","","EVDO → evdo_x64_2.2.11.exe","官方基础软件","official-base","https://1828566527.share.123pan.cn/123pan/2KXljv-OaNUv",""
"official-base.OpenSpeedy","OpenSpeedy","网络下载","NetDownload","推荐","pan123","","便携","none","","","OpenSpeedy-v1.7.6.zip","yes","OpenSpeedy","","OpenSpeedy → OpenSpeedy-v1.7.6.zip","官方基础软件","official-base","https://1828566527.share.123pan.cn/123pan/2KXljv-SqGSv",""
"official-base.VS_Code","VS Code","开发AI","DevAI","推荐","pan123","","安装","none","","","VSCodeUserSetup-x64-1.108.2.exe","yes","VS_Code","","VS Code → VSCodeUserSetup-x64-1.108.2.exe","官方基础软件","official-base","https://1828566527.share.123pan.cn/123pan/2KXljv-SqGSv",""
"official-base.PyCharm","PyCharm","开发AI","DevAI","推荐","pan123","","便携","none","","","PyCharm2025.1.zip","yes","PyCharm","","PyCharm → PyCharm2025.1.zip","官方基础软件","official-base","https://1828566527.share.123pan.cn/123pan/2KXljv-SqGSv",""
"official-base.Anaconda","Anaconda","开发AI","DevAI","推荐","pan123","","安装","none","","","Anaconda3-2025.12-1-Windows-x86_64.exe","yes","Anaconda","","Anaconda → Anaconda3-2025.12-1-Windows-x86_64.exe","官方基础软件","official-base","https://1828566527.share.123pan.cn/123pan/2KXljv-SqGSv",""
"official-base.Git_2.52","Git 2.52","开发AI","DevAI","推荐","pan123","","安装","none","","","Git-2.52.0-64-bit.exe","yes","Git_2.52","","Git 2.52 → Git-2.52.0-64-bit.exe","官方基础软件","official-base","https://1828566527.share.123pan.cn/123pan/2KXljv-SqGSv",""
"official-base.Git_2.53","Git 2.53","开发AI","DevAI","推荐","pan123","","安装","none","","","Git-2.53.0-rc0-64-bit.exe","yes","Git_2.53","","Git 2.53 → Git-2.53.0-rc0-64-bit.exe","官方基础软件","official-base","https://1828566527.share.123pan.cn/123pan/2KXljv-SqGSv",""
"official-base.Chatbox","Chatbox","开发AI","DevAI","推荐","pan123","","安装","none","","","Chatbox-1.19.1-Setup.exe","yes","Chatbox","","Chatbox → Chatbox-1.19.1-Setup.exe","官方基础软件","official-base","https://1828566527.share.123pan.cn/123pan/2KXljv-SqGSv",""
"official-base.app16","豆包","开发AI","DevAI","推荐","pan123","","安装","none","","","Doubao_installer_1.88.3.exe","yes","app16","","豆包 → Doubao_installer_1.88.3.exe","官方基础软件","official-base","https://1828566527.share.123pan.cn/123pan/2KXljv-SqGSv",""
"official-base.Everywhere","Everywhere","开发AI","DevAI","推荐","pan123","","安装","none","","","Everywhere-Windows-x64-Setup-v0.6.0.exe","yes","Everywhere","","Everywhere → Everywhere-Windows-x64-Setup-v0.6.0.exe","官方基础软件","official-base","https://1828566527.share.123pan.cn/123pan/2KXljv-SqGSv",""
"official-base.Super-Agent-Party","Super-Agent-Party","开发AI","DevAI","推荐","pan123","","安装","none","","","Super-Agent-Party-Setup-0.3.7.exe","yes","Super-Agent-Party","","Super-Agent-Party → Super-Agent-Party-Setup-0.3.7.exe","官方基础软件","official-base","https://1828566527.share.123pan.cn/123pan/2KXljv-SqGSv",""
"official-base.Tuboshu","Tuboshu","开发AI","DevAI","推荐","pan123","","安装","none","","","Tuboshu-Setup-2.1.0-win-x64.exe","yes","Tuboshu","","Tuboshu → Tuboshu-Setup-2.1.0-win-x64.exe","官方基础软件","official-base","https://1828566527.share.123pan.cn/123pan/2KXljv-SqGSv",""
"official-base.Nano","Nano","开发AI","DevAI","推荐","pan123","","便携","none","","","Nano","yes","Nano","","来自插件: 官方基础软件","官方基础软件","official-base","https://1828566527.share.123pan.cn/123pan/2KXljv-SqGSv",""
"official-base.GPT-SoVITS","GPT-SoVITS","开发AI","DevAI","推荐","pan123","","便携","none","","","GPT-SoVITS-v2pro-20250604-nvidia50.7z","yes","GPT-SoVITS","","GPT-SoVITS → GPT-SoVITS-v2pro-20250604-nvidia50.7z","官方基础软件","official-base","https://1828566527.share.123pan.cn/123pan/2KXljv-SqGSv",""
"official-base.RVC","RVC","开发AI","DevAI","推荐","pan123","","便携","none","","","RVC20240604Nvidia50x0.7z","yes","RVC","","RVC → RVC20240604Nvidia50x0.7z","官方基础软件","official-base","https://1828566527.share.123pan.cn/123pan/2KXljv-SqGSv",""
"official-base.MaiBot","MaiBot 一键包","开发AI","DevAI","推荐","pan123","","便携","none","","","MaiBot一键包-v6.0.0-MaiCore-0.11.4-Main-AutoUpdate.zip","yes","MaiBot","","MaiBot 一键包 → MaiBot一键包-v6.0.0-MaiCore-0.11.4-Main-AutoUpdate.zip","官方基础软件","official-base","https://1828566527.share.123pan.cn/123pan/2KXljv-SqGSv",""
"official-base.Facefusion","Facefusion","开发AI","DevAI","推荐","pan123","","便携","none","","","facefusion-3.5.0.rar","yes","Facefusion","","Facefusion → facefusion-3.5.0.rar","官方基础软件","official-base","https://1828566527.share.123pan.cn/123pan/2KXljv-SqGSv",""
"official-base.sd-webui-aki_sd-webui-aki","sd-webui-aki → sd-webui-aki","开发AI","DevAI","推荐","pan123","","便携","none","","","v4.10.zip","yes","sd-webui-aki_sd-webui-aki","","sd-webui-aki → sd-webui-aki v4.10.zip","官方基础软件","official-base","https://1828566527.share.123pan.cn/123pan/2KXljv-SqGSv",""
"official-base.Kun_Tools","Kun_Tools","开发AI","DevAI","推荐","pan123","","便携","none","","","Kun_Tools.zip","yes","Kun_Tools","","Kun_Tools → Kun_Tools.zip","官方基础软件","official-base","https://1828566527.share.123pan.cn/123pan/2KXljv-SqGSv",""
"official-base.exe4","翻译器.exe","开发AI","DevAI","推荐","pan123","","安装","none","","","翻译器.exe","yes","exe","","来自插件: 官方基础软件","官方基础软件","official-base","https://1828566527.share.123pan.cn/123pan/2KXljv-SqGSv",""
"official-base.msi","网站打包成软件.msi","开发AI","DevAI","推荐","pan123","","安装","none","","","网站打包成软件.msi","yes","msi","","来自插件: 官方基础软件","官方基础软件","official-base","https://1828566527.share.123pan.cn/123pan/2KXljv-SqGSv",""
"official-base.CodeBuddy_CN","CodeBuddy CN","开发AI","DevAI","推荐","pan123","","便携","none","","","CodeBuddy CN","yes","CodeBuddy_CN","","来自插件: 官方基础软件","官方基础软件","official-base","https://1828566527.share.123pan.cn/123pan/2KXljv-SqGSv",""
"official-base.Adobe_Creative_Master_Collection_2025_V2025.06_PS_AI_ID_InCopy_Bridge_Lightroom_Animate_Character_Animator_Dimension_Substance_Fresco_XD_UXP_WebView_04_Adobe_Adobe_Creative_Master_Collection_2025_V2025.06_Win_x64_2","Adobe Creative Master Collection 2025 V2025.06（含 PS / AI / ID / InCopy / Bridge / Lightroom / Animate / Character Animator / Dimension / Substance / Fresco / XD / UXP WebView） 位置：04_平面绘画\Adobe\Adobe Creative Master Collection 2025 V2025.06 Win x64(2)","平面绘画","DigitalArt","推荐","pan123","","便携","none","","",".zip","yes","Adobe_Creative_Master_Collection_2025_V2025.06_PS_AI_ID_InCopy_Bridge_Lightroom_Animate_Character_Animator_Dimension_Substance_Fresco_XD_UXP_WebView_04_Adobe_Adobe_Creative_Master_Collection_2025_V2025.06_Win_x64_2","","Adobe Creative Master Collection 2025 V2025.06（含 PS / AI / ID / InCopy / Bridge / Lightroom / Animate / Character Animator / Dimension / Substance / Fresco / XD / UXP WebView） 位置：04_平面绘画\Adobe\Adobe Creative Master Collection 2025 V2025.06 Win x64(2)(1).zip","官方基础软件","official-base","https://1828566527.share.123pan.cn/123pan/2KXljv-SqGSv",""
"official-base.CLIP_STUDIO_PAINT_EX_v5.0.0_Clip_Studio_Paint_EX_v5.0.0","CLIP STUDIO PAINT EX v5.0.0 → Clip Studio Paint EX v5.0.0","平面绘画","DigitalArt","推荐","pan123","","便携","none","","","多国语言特别版.7z","yes","CLIP_STUDIO_PAINT_EX_v5.0.0_Clip_Studio_Paint_EX_v5.0.0","","CLIP STUDIO PAINT EX v5.0.0 → Clip Studio Paint EX v5.0.0 多国语言特别版.7z","官方基础软件","official-base","https://1828566527.share.123pan.cn/123pan/2KXljv-SqGSv",""
"official-base.mc_.exe","mc资源包·绘画.exe","平面绘画","DigitalArt","推荐","pan123","","安装","none","","","mc资源包·绘画.exe","yes","mc_.exe","","来自插件: 官方基础软件","官方基础软件","official-base","https://1828566527.share.123pan.cn/123pan/2KXljv-SqGSv",""
"official-base.Live2D_Cubism_5.1_05_3D","Live2D Cubism → 5.1 学习版现在在 05_3D建模\主程序","平面绘画","DigitalArt","推荐","pan123","","便携","none","","","Live2D Cubism → 5.1 学习版现在在 05_3D建模\主程序","yes","Live2D_Cubism_5.1_05_3D","","来自插件: 官方基础软件","官方基础软件","official-base","https://1828566527.share.123pan.cn/123pan/2KXljv-SqGSv",""
"official-base.SAI_Ver.2","SAI Ver.2","平面绘画","DigitalArt","推荐","pan123","","便携","none","","","SAI Ver.2","yes","SAI_Ver.2","","来自插件: 官方基础软件","官方基础软件","official-base","https://1828566527.share.123pan.cn/123pan/2KXljv-SqGSv",""
"official-base.Aseprite","Aseprite","平面绘画","DigitalArt","推荐","pan123","","便携","none","","","Aseprite","yes","Aseprite","","来自插件: 官方基础软件","官方基础软件","official-base","https://1828566527.share.123pan.cn/123pan/2KXljv-SqGSv",""
"official-base.Blockbench","Blockbench","平面绘画","DigitalArt","推荐","pan123","","便携","none","","","Blockbench","yes","Blockbench","","来自插件: 官方基础软件","官方基础软件","official-base","https://1828566527.share.123pan.cn/123pan/2KXljv-SqGSv",""
"official-base.Pr_app","千鹿Pr助手","平面绘画","DigitalArt","推荐","pan123","","便携","none","","","千鹿Pr助手","yes","Pr_Pr_app","","来自插件: 官方基础软件","官方基础软件","official-base","https://1828566527.share.123pan.cn/123pan/2KXljv-SqGSv",""
"official-base.001_app","轻微课素材大礼包 → 【001】轻微课素材大礼包","平面绘画","DigitalArt","推荐","pan123","","便携","none","","","密码1234.rar","yes","001_001_app","","轻微课素材大礼包 → 【001】轻微课素材大礼包 密码1234.rar","官方基础软件","official-base","https://1828566527.share.123pan.cn/123pan/2KXljv-SqGSv",""
"official-base.CSP","九窖徒 CSP 笔刷","平面绘画","DigitalArt","推荐","pan123","","便携","none","","","九窖徒_csp_240926.zip","yes","CSP","","九窖徒 CSP 笔刷 → 九窖徒_csp_240926.zip","官方基础软件","official-base","https://1828566527.share.123pan.cn/123pan/2KXljv-SqGSv",""
"official-base.PS_13_PS","羽兔网 PS素材 → 13_设计素材库\PS素材","平面绘画","DigitalArt","推荐","pan123","","便携","none","","","羽兔网 PS素材 → 13_设计素材库\PS素材","yes","PS_13_PS","","羽兔网 PS素材 → 13_设计素材库\PS素材（PS笔刷动作渐变预设）","官方基础软件","official-base","https://1828566527.share.123pan.cn/123pan/2KXljv-SqGSv",""
"official-base.13_app","羽兔网 电商设计 → 13_设计素材库\电商设计","平面绘画","DigitalArt","推荐","pan123","","便携","none","","","羽兔网 电商设计 → 13_设计素材库\电商设计","yes","13_13_app","","羽兔网 电商设计 → 13_设计素材库\电商设计（笔刷/字体/PSD/插件+动作）","官方基础软件","official-base","https://1828566527.share.123pan.cn/123pan/2KXljv-SqGSv",""
"official-base.13_pr_3DMAX_AI_PPT","13_设计素材库 整包：pr大礼包、天空贴图合集、3DMAX资料汇总、AI插件大全、PPT素材、快捷键","平面绘画","DigitalArt","推荐","pan123","","便携","none","","","13_设计素材库 整包：pr大礼包、天空贴图合集、3DMAX资料汇总、AI插件大全、PPT素材、快捷键","yes","13_pr_3DMAX_AI_PPT","","来自插件: 官方基础软件","官方基础软件","official-base","https://1828566527.share.123pan.cn/123pan/2KXljv-SqGSv",""
"official-base.3ds_Max_2026","3ds Max 2026","3D建模","Modeling3D","推荐","pan123","","便携","none","","","3DMAX_2026.3_VR7.2008_CR14.1整合包V4.1.0.rar","yes","3ds_Max_2026","","3ds Max 2026 → 3DMAX_2026.3_VR7.2008_CR14.1整合包V4.1.0.rar（内含 V-Ray 7.2008 + Corona 14.1）","官方基础软件","official-base","https://1828566527.share.123pan.cn/123pan/2KXljv-SqGSv",""
"official-base.Maya_2026_Maya_2026.3","Maya 2026 → Maya 2026.3","3D建模","Modeling3D","推荐","pan123","","便携","none","","","Win.rar","yes","Maya_2026_Maya_2026.3","","Maya 2026 → Maya 2026.3 Win.rar","官方基础软件","official-base","https://1828566527.share.123pan.cn/123pan/2KXljv-SqGSv",""
"official-base.Blender","Blender","3D建模","Modeling3D","推荐","local","","安装","arp","Blender","","blender-5.0.1-windows-x64.zip","yes","Blender","","Blender → blender-5.0.1-windows-x64.zip","官方基础软件","official-base","",""
"official-base.Cinema_4D_2026","Cinema 4D 2026","3D建模","Modeling3D","推荐","pan123","","便携","none","","","Cinema-4D-C4D-2026.1.2-Win.rar","yes","Cinema_4D_2026","","Cinema 4D 2026 → Cinema-4D-C4D-2026.1.2-Win.rar","官方基础软件","official-base","https://1828566527.share.123pan.cn/123pan/2KXljv-SqGSv",""
"official-base.ZBrush","ZBrush","3D建模","Modeling3D","推荐","pan123","","便携","none","","","ZBrush-2026.1.1-Win.rar","yes","ZBrush","","ZBrush → ZBrush-2026.1.1-Win.rar","官方基础软件","official-base","https://1828566527.share.123pan.cn/123pan/2KXljv-SqGSv",""
"official-base.Marvelous_Designer","Marvelous Designer","3D建模","Modeling3D","推荐","pan123","","便携","none","","","Marvelous-Designer-Enterprise-2025.2.143-Win.rar","yes","Marvelous_Designer","","Marvelous Designer → Marvelous-Designer-Enterprise-2025.2.143-Win.rar","官方基础软件","official-base","https://1828566527.share.123pan.cn/123pan/2KXljv-SqGSv",""
"official-base.Marmoset_Toolbag_Marmoset_Toolbag","Marmoset Toolbag → Marmoset Toolbag","3D建模","Modeling3D","推荐","pan123","","便携","none","","","5.02.zip","yes","Marmoset_Toolbag_Marmoset_Toolbag","","Marmoset Toolbag → Marmoset Toolbag 5.02.zip（另有 5 汉化包）","官方基础软件","official-base","https://1828566527.share.123pan.cn/123pan/2KXljv-SqGSv",""
"official-base.Live2D_Cubism_5.1","Live2D Cubism 5.1 学习版","3D建模","Modeling3D","推荐","pan123","","便携","none","","","Live2D_Cubism_5.1.00学习版.zip","yes","Live2D_Cubism_5.1","","Live2D Cubism 5.1 学习版 → Live2D_Cubism_5.1.00学习版.zip 3dsMax自带","官方基础软件","official-base","https://1828566527.share.123pan.cn/123pan/2KXljv-SqGSv",""
"official-base.V-Ray_7_Corona_14","V-Ray 7 / Corona 14","3D建模","Modeling3D","推荐","pan123","","便携","none","","","V-Ray 7 / Corona 14","yes","V-Ray_7_Corona_14","","V-Ray 7 / Corona 14（已含在 3ds Max 整合包里）","官方基础软件","official-base","https://1828566527.share.123pan.cn/123pan/2KXljv-SqGSv",""
"official-base.VOCALOID_6.5","VOCALOID 6.5","音视频","AudioVideo","推荐","pan123","","便携","none","","","VOCALOID_6.5_editor_with_DLL.zip","yes","VOCALOID_6.5","","VOCALOID 6.5 → VOCALOID_6.5_editor_with_DLL.zip","官方基础软件","official-base","https://1828566527.share.123pan.cn/123pan/2KXljv-SqGSv",""
"official-base.VOCALOID_6.52","VOCALOID 6.5 汉化包","音视频","AudioVideo","推荐","pan123","","便携","none","","","VOCALOID6.5汉化包.zip","yes","VOCALOID_6.5","","VOCALOID 6.5 汉化包 → VOCALOID6.5汉化包.zip","官方基础软件","official-base","https://1828566527.share.123pan.cn/123pan/2KXljv-SqGSv",""
"official-base.VOCALOID_6","VOCALOID 6 旧声库识别","音视频","AudioVideo","推荐","pan123","","便携","none","","","VOCALOID6识别旧声库.zip","yes","VOCALOID_6","","VOCALOID 6 旧声库识别 → VOCALOID6识别旧声库.zip","官方基础软件","official-base","https://1828566527.share.123pan.cn/123pan/2KXljv-SqGSv",""
"official-base.V6CP.exe","V6CP.exe","音视频","AudioVideo","推荐","pan123","","安装","none","","","V6CP.exe","yes","V6CP.exe","","来自插件: 官方基础软件","官方基础软件","official-base","https://1828566527.share.123pan.cn/123pan/2KXljv-SqGSv",""
"official-base.VOCALOID_5","VOCALOID 5 洛天依","音视频","AudioVideo","推荐","pan123","","便携","none","","","Luo_Tianyi_5.0.0.zip","yes","VOCALOID_5","","VOCALOID 5 洛天依 → Luo_Tianyi_5.0.0.zip","官方基础软件","official-base","https://1828566527.share.123pan.cn/123pan/2KXljv-SqGSv",""
"official-base.HATSUNE_MIKU_V4_CHN_HATSUNE_MIKU_V4","HATSUNE MIKU V4 CHN → HATSUNE MIKU V4","音视频","AudioVideo","推荐","pan123","","便携","none","","","CHN.7z","yes","HATSUNE_MIKU_V4_CHN_HATSUNE_MIKU_V4","","HATSUNE MIKU V4 CHN → HATSUNE MIKU V4 CHN.7z","官方基础软件","official-base","https://1828566527.share.123pan.cn/123pan/2KXljv-SqGSv",""
"official-base.HATSUNE_MIKU_V4X_HATSUNE_MIKU","HATSUNE MIKU V4X → HATSUNE MIKU","音视频","AudioVideo","推荐","pan123","","便携","none","","","V4X.7z","yes","HATSUNE_MIKU_V4X_HATSUNE_MIKU","","HATSUNE MIKU V4X → HATSUNE MIKU V4X.7z","官方基础软件","official-base","https://1828566527.share.123pan.cn/123pan/2KXljv-SqGSv",""
"official-base.HATSUNE_MIKU_V4_ENG","HATSUNE MIKU V4 ENG","音视频","AudioVideo","推荐","pan123","","便携","none","","","HATSUNE_MIKU_V4_ENG.7z","yes","HATSUNE_MIKU_V4_ENG","","HATSUNE MIKU V4 ENG → HATSUNE_MIKU_V4_ENG.7z","官方基础软件","official-base","https://1828566527.share.123pan.cn/123pan/2KXljv-SqGSv",""
"official-base.OpenUtau_OpenUtau-win-x64","OpenUtau → OpenUtau-win-x64","音视频","AudioVideo","推荐","pan123","","安装","none","","",".exe","yes","OpenUtau_OpenUtau-win-x64","","OpenUtau → OpenUtau-win-x64 (1).exe","官方基础软件","official-base","https://1828566527.share.123pan.cn/123pan/2KXljv-SqGSv",""
"official-base.AIMP","AIMP","音视频","AudioVideo","推荐","pan123","","便携","none","","","aimp_3685.zip","yes","AIMP","","AIMP → aimp_3685.zip","官方基础软件","official-base","https://1828566527.share.123pan.cn/123pan/2KXljv-SqGSv",""
"official-base.Listen1","Listen1","音视频","AudioVideo","推荐","pan123","","安装","none","","","listen1_2.33.0_win.exe","yes","Listen1","","Listen1 → listen1_2.33.0_win.exe","官方基础软件","official-base","https://1828566527.share.123pan.cn/123pan/2KXljv-SqGSv",""
"official-base.AniCh","AniCh","音视频","AudioVideo","推荐","pan123","","便携","none","","","anich-windows-1.5.9.zip","yes","AniCh","","AniCh → anich-windows-1.5.9.zip 与 1.5.16.zip","官方基础软件","official-base","https://1828566527.share.123pan.cn/123pan/2KXljv-SqGSv",""
"official-base.app17","日文乱码处理软件","音视频","AudioVideo","推荐","pan123","","安装","none","","","日文乱码处理软件.exe","yes","app17","","日文乱码处理软件 → 日文乱码处理软件.exe","官方基础软件","official-base","https://1828566527.share.123pan.cn/123pan/2KXljv-SqGSv",""
"official-base.UTAU","UTAU","音视频","AudioVideo","推荐","pan123","","便携","none","","","UTAU","yes","UTAU","","来自插件: 官方基础软件","官方基础软件","official-base","https://1828566527.share.123pan.cn/123pan/2KXljv-SqGSv",""
"official-base.Ultimate_Vocal_Remover","Ultimate Vocal Remover","音视频","AudioVideo","推荐","pan123","","便携","none","","","Ultimate Vocal Remover","yes","Ultimate_Vocal_Remover","","来自插件: 官方基础软件","官方基础软件","official-base","https://1828566527.share.123pan.cn/123pan/2KXljv-SqGSv",""
"official-base.Voicemeeter","Voicemeeter","音视频","AudioVideo","推荐","pan123","","便携","none","","","Voicemeeter","yes","Voicemeeter","","来自插件: 官方基础软件","官方基础软件","official-base","https://1828566527.share.123pan.cn/123pan/2KXljv-SqGSv",""
"official-base.VBCABLE","VBCABLE","音视频","AudioVideo","推荐","pan123","","便携","none","","","VBCABLE","yes","VBCABLE","","来自插件: 官方基础软件","官方基础软件","official-base","https://1828566527.share.123pan.cn/123pan/2KXljv-SqGSv",""
"official-base.6.0.1_app","剪映专业版 → 剪映专业版 6.0.1","音视频","AudioVideo","推荐","pan123","","便携","none","","","x64_解锁VIP.7z","yes","6.0.1_1_app","","剪映专业版 → 剪映专业版 6.0.1 x64_解锁VIP.7z","官方基础软件","official-base","https://1828566527.share.123pan.cn/123pan/2KXljv-SqGSv",""
"official-base.OBS_Studio","OBS Studio","音视频","AudioVideo","推荐","pan123","","安装","none","","","OBS-Studio-32.0.4-Windows-x64-Installer.exe","yes","OBS_Studio","","OBS Studio → OBS-Studio-32.0.4-Windows-x64-Installer.exe","官方基础软件","official-base","https://1828566527.share.123pan.cn/123pan/2KXljv-SqGSv",""
"official-base.app18","音乐合集 → 音乐合集","音视频","AudioVideo","推荐","pan123","","便携","none","","",".zip","yes","app18","","音乐合集 → 音乐合集（有几个无音源）.zip","官方基础软件","official-base","https://1828566527.share.123pan.cn/123pan/2KXljv-SqGSv",""
"official-base.Steam_SteamSetup.exe","Steam → SteamSetup.exe、","游戏","Games","推荐","pan123","","安装","none","","","SteamChinaSetup.exe","yes","Steam_SteamSetup.exe","","Steam → SteamSetup.exe、SteamChinaSetup.exe","官方基础软件","official-base","https://1828566527.share.123pan.cn/123pan/2KXljv-SqGSv",""
"official-base.HMCL","HMCL","游戏","Games","推荐","pan123","","便携","none","","","HMCL3.9.1.zip","yes","HMCL","","HMCL → HMCL3.9.1.zip","官方基础软件","official-base","https://1828566527.share.123pan.cn/123pan/2KXljv-SqGSv",""
"official-base.PCL2_Plain_Craft_Launcher","PCL2 → Plain Craft Launcher","游戏","Games","推荐","pan123","","安装","none","","","2.exe","yes","PCL2_Plain_Craft_Launcher","","PCL2 → Plain Craft Launcher 2.exe","官方基础软件","official-base","https://1828566527.share.123pan.cn/123pan/2KXljv-SqGSv",""
"official-base.gamebox","gamebox","游戏","Games","推荐","pan123","","安装","none","","","Gamebox游戏盒子_2.3.2.exe","yes","gamebox","","gamebox → Gamebox游戏盒子_2.3.2.exe","官方基础软件","official-base","https://1828566527.share.123pan.cn/123pan/2KXljv-SqGSv",""
"official-base.Minecraft","Minecraft 安装器","游戏","Games","推荐","pan123","","安装","none","","","MinecraftInstaller.exe","yes","Minecraft","","Minecraft 安装器 → MinecraftInstaller.exe","官方基础软件","official-base","https://1828566527.share.123pan.cn/123pan/2KXljv-SqGSv",""
"official-base.MuMu_15","MuMu 模拟器 → 现在在 15_安卓折腾\","游戏","Games","推荐","pan123","","安装","none","","","MuMu模拟器.exe","yes","MuMu_15","","MuMu 模拟器 → 现在在 15_安卓折腾\MuMu模拟器.exe 自己安装","官方基础软件","official-base","https://1828566527.share.123pan.cn/123pan/2KXljv-SqGSv",""
"official-base.1_16_1","弹丸论破 1 → 16_游戏软件\弹丸1","游戏","Games","推荐","pan123","","便携","none","","","弹丸论破 1 → 16_游戏软件\弹丸1","yes","1_16_1","","来自插件: 官方基础软件","官方基础软件","official-base","https://1828566527.share.123pan.cn/123pan/2KXljv-SqGSv",""
"official-base.2_16_2","弹丸论破 2 → 16_游戏软件\弹丸2","游戏","Games","推荐","pan123","","便携","none","","","弹丸论破 2 → 16_游戏软件\弹丸2","yes","2_16_2","","来自插件: 官方基础软件","官方基础软件","official-base","https://1828566527.share.123pan.cn/123pan/2KXljv-SqGSv",""
"official-base.V3_16_3","弹丸论破 V3 → 16_游戏软件\弹丸3","游戏","Games","推荐","pan123","","便携","none","","","弹丸论破 V3 → 16_游戏软件\弹丸3","yes","V3_16_3","","来自插件: 官方基础软件","官方基础软件","official-base","https://1828566527.share.123pan.cn/123pan/2KXljv-SqGSv",""
"official-base.16_app","弹丸论破 绝望少女 → 16_游戏软件\绝望少女","游戏","Games","推荐","pan123","","便携","none","","","弹丸论破 绝望少女 → 16_游戏软件\绝望少女","yes","16_16_app","","来自插件: 官方基础软件","官方基础软件","official-base","https://1828566527.share.123pan.cn/123pan/2KXljv-SqGSv",""
"official-base.MiSide_16","MiSide（米塔）→ 16_游戏软件\米塔","游戏","Games","推荐","pan123","","便携","none","","","MiSide（米塔）→ 16_游戏软件\米塔","yes","MiSide_16","","来自插件: 官方基础软件","官方基础软件","official-base","https://1828566527.share.123pan.cn/123pan/2KXljv-SqGSv",""
"official-base.SenrenBanka_16","SenrenBanka（千恋万花）→ 16_游戏软件\千恋万花","游戏","Games","推荐","pan123","","便携","none","","","SenrenBanka（千恋万花）→ 16_游戏软件\千恋万花","yes","SenrenBanka_16","","来自插件: 官方基础软件","官方基础软件","official-base","https://1828566527.share.123pan.cn/123pan/2KXljv-SqGSv",""
"official-base.That_s_not_my_neighbor_16","That's not my neighbor（伪人）→ 16_游戏软件\伪人","游戏","Games","推荐","pan123","","便携","none","","","That's not my neighbor（伪人）→ 16_游戏软件\伪人","yes","That_s_not_my_neighbor_16","","来自插件: 官方基础软件","官方基础软件","official-base","https://1828566527.share.123pan.cn/123pan/2KXljv-SqGSv",""
"official-base.16_app2","植物大战僵尸 融合版 / 杂交版 → 16_游戏软件","游戏","Games","推荐","pan123","","便携","none","","","植物大战僵尸 融合版 / 杂交版 → 16_游戏软件","yes","16_16_app2","","来自插件: 官方基础软件","官方基础软件","official-base","https://1828566527.share.123pan.cn/123pan/2KXljv-SqGSv",""
"official-base.456_123_123_16","逆转456、御剑123、成步堂123（逆转裁判系列）→ 16_游戏软件","游戏","Games","推荐","pan123","","便携","none","","","逆转456、御剑123、成步堂123（逆转裁判系列）→ 16_游戏软件","yes","456_123_123_16","","来自插件: 官方基础软件","官方基础软件","official-base","https://1828566527.share.123pan.cn/123pan/2KXljv-SqGSv",""
"official-base.app19","梦日记","游戏","Games","推荐","pan123","","便携","none","","","梦日记","yes","app19","","来自插件: 官方基础软件","官方基础软件","official-base","https://1828566527.share.123pan.cn/123pan/2KXljv-SqGSv",""
"official-base.app20","魔裁","游戏","Games","推荐","pan123","","便携","none","","","魔裁","yes","app20","","来自插件: 官方基础软件","官方基础软件","official-base","https://1828566527.share.123pan.cn/123pan/2KXljv-SqGSv",""
"official-base.BLACK_SOULS","黑魂(BLACK SOULS)","游戏","Games","推荐","pan123","","便携","none","","","黑魂(BLACK SOULS)","yes","BLACK_SOULS","","来自插件: 官方基础软件","官方基础软件","official-base","https://1828566527.share.123pan.cn/123pan/2KXljv-SqGSv",""
"official-base.16_app3","你好新蒸程！→ 16_游戏软件","游戏","Games","推荐","pan123","","便携","none","","","你好新蒸程！→ 16_游戏软件","yes","16_16_app3","","来自插件: 官方基础软件","官方基础软件","official-base","https://1828566527.share.123pan.cn/123pan/2KXljv-SqGSv",""
"official-base.Alice_in_Cradle","Alice in Cradle","游戏","Games","推荐","pan123","","便携","none","","","Alice in Cradle","yes","Alice_in_Cradle","","来自插件: 官方基础软件","官方基础软件","official-base","https://1828566527.share.123pan.cn/123pan/2KXljv-SqGSv",""
"official-base.Astral","Astral","游戏","Games","推荐","pan123","","便携","none","","","Astral","yes","Astral","","来自插件: 官方基础软件","官方基础软件","official-base","https://1828566527.share.123pan.cn/123pan/2KXljv-SqGSv",""
"official-base.DELTARUNE_1_2","DELTARUNE 1&2","游戏","Games","推荐","pan123","","便携","none","","","DELTARUNE 1&2","yes","DELTARUNE_1_2","","来自插件: 官方基础软件","官方基础软件","official-base","https://1828566527.share.123pan.cn/123pan/2KXljv-SqGSv",""
"official-base.DELTARUNE_3_4","DELTARUNE 3&4","游戏","Games","推荐","pan123","","便携","none","","","DELTARUNE 3&4","yes","DELTARUNE_3_4","","来自插件: 官方基础软件","官方基础软件","official-base","https://1828566527.share.123pan.cn/123pan/2KXljv-SqGSv",""
"official-base.ENDER_LILIES","ENDER LILIES","游戏","Games","推荐","pan123","","便携","none","","","ENDER LILIES","yes","ENDER_LILIES","","来自插件: 官方基础软件","官方基础软件","official-base","https://1828566527.share.123pan.cn/123pan/2KXljv-SqGSv",""
"official-base.app21","卡拉彼丘","游戏","Games","推荐","pan123","","便携","none","","","卡拉彼丘","yes","app21","","来自插件: 官方基础软件","官方基础软件","official-base","https://1828566527.share.123pan.cn/123pan/2KXljv-SqGSv",""
"official-base.MuMu","MuMu 模拟器","游戏","Games","推荐","pan123","","安装","none","","","MuMu模拟器.exe","yes","MuMu","","来自插件: 官方基础软件","官方基础软件","official-base","https://1828566527.share.123pan.cn/123pan/2KXljv-SqGSv",""
"official-base.0.402_sanjiaofuwen","整合包：龙之冒险：新征程、落幕曲、新指导0.402、最变态钻石大陆、 sanjiaofuwen、地图及服务器の自定义整合包","游戏","Games","推荐","pan123","","便携","none","","","整合包：龙之冒险：新征程、落幕曲、新指导0.402、最变态钻石大陆、 sanjiaofuwen、地图及服务器の自定义整合包","yes","0.402_sanjiaofuwen","","来自插件: 官方基础软件","官方基础软件","official-base","https://1828566527.share.123pan.cn/123pan/2KXljv-SqGSv",""
"official-base.FireAxe_NBTExplorer_NbtStudio","工具：FireAxe、NBTExplorer、NbtStudio、","游戏","Games","推荐","pan123","","安装","none","","","联机工具.exe","yes","FireAxe_NBTExplorer_NbtStudio","","工具：FireAxe、NBTExplorer、NbtStudio、联机工具.exe","官方基础软件","official-base","https://1828566527.share.123pan.cn/123pan/2KXljv-SqGSv",""
"official-base.Watt_Toolkit2","Watt Toolkit","游戏","Games","推荐","pan123","","便携","none","","","Watt Toolkit","yes","Watt_Toolkit","","来自插件: 官方基础软件","官方基础软件","official-base","https://1828566527.share.123pan.cn/123pan/2KXljv-SqGSv",""
"official-base.CC_app2","CC加速器","游戏","Games","推荐","pan123","","便携","none","","","CC加速器","yes","CC_CC_app2","","来自插件: 官方基础软件","官方基础软件","official-base","https://1828566527.share.123pan.cn/123pan/2KXljv-SqGSv",""
"official-base.EVDO2","EVDO","游戏","Games","推荐","pan123","","便携","none","","","EVDO","yes","EVDO","","来自插件: 官方基础软件","官方基础软件","official-base","https://1828566527.share.123pan.cn/123pan/2KXljv-SqGSv",""
"official-base.office_.bat","office激活.bat","办公阅读","OfficeRead","推荐","pan123","","安装","none","","","office激活.bat","yes","office_.bat","","来自插件: 官方基础软件","官方基础软件","official-base","https://1828566527.share.123pan.cn/123pan/2KXljv-SqGSv",""
"official-base.app22","幕布","办公阅读","OfficeRead","推荐","pan123","","安装","none","","","Mubu-5.4.1-x64.exe","yes","app22","","幕布 → Mubu-5.4.1-x64.exe","官方基础软件","official-base","https://1828566527.share.123pan.cn/123pan/2KXljv-SqGSv",""
"official-base.Logseq","Logseq","办公阅读","OfficeRead","推荐","pan123","","安装","none","","","Logseq-win-x64-0.10.15.exe","yes","Logseq","","Logseq → Logseq-win-x64-0.10.15.exe","官方基础软件","official-base","https://1828566527.share.123pan.cn/123pan/2KXljv-SqGSv",""
"official-base.Project_Graph","Project Graph","办公阅读","OfficeRead","推荐","pan123","","安装","none","","","Project.Graph_2.9.13_x64-setup.exe","yes","Project_Graph","","Project Graph → Project.Graph_2.9.13_x64-setup.exe","官方基础软件","official-base","https://1828566527.share.123pan.cn/123pan/2KXljv-SqGSv",""
"official-base.Readest","Readest","办公阅读","OfficeRead","推荐","pan123","","安装","none","","","Readest_0.9.101_x64-setup.exe","yes","Readest","","Readest → Readest_0.9.101_x64-setup.exe","官方基础软件","official-base","https://1828566527.share.123pan.cn/123pan/2KXljv-SqGSv",""
"official-base.PDFelement","PDFelement","办公阅读","OfficeRead","推荐","pan123","","安装","none","","","wondershare_pdfelement_12.1.7.3970.exe","yes","PDFelement","","PDFelement → wondershare_pdfelement_12.1.7.3970.exe 与 .7z（两份，可留一份）","官方基础软件","official-base","https://1828566527.share.123pan.cn/123pan/2KXljv-SqGSv",""
"official-base.exe5","试卷下载.exe","办公阅读","OfficeRead","推荐","pan123","","安装","none","","","试卷下载.exe","yes","exe","","来自插件: 官方基础软件","官方基础软件","official-base","https://1828566527.share.123pan.cn/123pan/2KXljv-SqGSv",""
"official-base.app23","哔哩哔哩客户端","办公阅读","OfficeRead","推荐","pan123","","便携","none","","","哔哩哔哩客户端","yes","app23","","来自插件: 官方基础软件","官方基础软件","official-base","https://1828566527.share.123pan.cn/123pan/2KXljv-SqGSv",""
"official-base.AIMP2","AIMP","办公阅读","OfficeRead","推荐","pan123","","便携","none","","","AIMP","yes","AIMP","","来自插件: 官方基础软件","官方基础软件","official-base","https://1828566527.share.123pan.cn/123pan/2KXljv-SqGSv",""
"official-base.Listen12","Listen1","办公阅读","OfficeRead","推荐","pan123","","便携","none","","","Listen1","yes","Listen1","","来自插件: 官方基础软件","官方基础软件","official-base","https://1828566527.share.123pan.cn/123pan/2KXljv-SqGSv",""
"official-base.AniCh2","AniCh","办公阅读","OfficeRead","推荐","pan123","","便携","none","","","AniCh","yes","AniCh","","来自插件: 官方基础软件","官方基础软件","official-base","https://1828566527.share.123pan.cn/123pan/2KXljv-SqGSv",""
"official-base.Chatbox2","Chatbox","办公阅读","OfficeRead","推荐","pan123","","便携","none","","","Chatbox","yes","Chatbox","","来自插件: 官方基础软件","官方基础软件","official-base","https://1828566527.share.123pan.cn/123pan/2KXljv-SqGSv",""
"official-base.app24","豆包","办公阅读","OfficeRead","推荐","pan123","","便携","none","","","豆包","yes","app24","","来自插件: 官方基础软件","官方基础软件","official-base","https://1828566527.share.123pan.cn/123pan/2KXljv-SqGSv",""
"official-base.ContextMenuManager","ContextMenuManager","美化便携","Beautify","推荐","pan123","","安装","none","","","ContextMenuManager.NET.4.0.exe","yes","ContextMenuManager","","ContextMenuManager → ContextMenuManager.NET.4.0.exe","官方基础软件","official-base","https://1828566527.share.123pan.cn/123pan/2KXljv-SqGSv",""
"official-base.noMeiryoUI","noMeiryoUI","美化便携","Beautify","推荐","pan123","","便携","none","","","noMeiryoUI3.3.1.zip","yes","noMeiryoUI","","noMeiryoUI → noMeiryoUI3.3.1.zip","官方基础软件","official-base","https://1828566527.share.123pan.cn/123pan/2KXljv-SqGSv",""
"official-base.windhawk","windhawk","美化便携","Beautify","推荐","pan123","","安装","none","","","windhawk_setup_offline.exe","yes","windhawk","","windhawk → windhawk_setup_offline.exe","官方基础软件","official-base","https://1828566527.share.123pan.cn/123pan/2KXljv-SqGSv",""
"official-base.FluentContextMenu","FluentContextMenu","美化便携","Beautify","推荐","pan123","","便携","none","","","FluentContextMenu","yes","FluentContextMenu","","来自插件: 官方基础软件","官方基础软件","official-base","https://1828566527.share.123pan.cn/123pan/2KXljv-SqGSv",""
"official-base.ExplorerPatcher","ExplorerPatcher","美化便携","Beautify","推荐","pan123","","便携","none","","","ExplorerPatcher","yes","ExplorerPatcher","","来自插件: 官方基础软件","官方基础软件","official-base","https://1828566527.share.123pan.cn/123pan/2KXljv-SqGSv",""
"official-base.XizoDiskIconChanger","XizoDiskIconChanger","美化便携","Beautify","推荐","pan123","","便携","none","","","XizoDiskIconChangerV1.2.rar","yes","XizoDiskIconChanger","","XizoDiskIconChanger → XizoDiskIconChangerV1.2.rar","官方基础软件","official-base","https://1828566527.share.123pan.cn/123pan/2KXljv-SqGSv",""
"official-base.app25","特殊图标查找工具","美化便携","Beautify","推荐","pan123","","便携","none","","","特殊图标查找工具.zip","yes","app25","","特殊图标查找工具 → 特殊图标查找工具.zip","官方基础软件","official-base","https://1828566527.share.123pan.cn/123pan/2KXljv-SqGSv",""
"official-base.app26","删除烦人的图标","美化便携","Beautify","推荐","pan123","","安装","none","","","删除烦人的图标.exe","yes","app26","","删除烦人的图标 → 删除烦人的图标.exe","官方基础软件","official-base","https://1828566527.share.123pan.cn/123pan/2KXljv-SqGSv",""
"official-base.TileIconifier","TileIconifier","美化便携","Beautify","推荐","pan123","","便携","none","","","TileIconifier","yes","TileIconifier","","来自插件: 官方基础软件","官方基础软件","official-base","https://1828566527.share.123pan.cn/123pan/2KXljv-SqGSv",""
"official-base.app27","搜狗输入法","美化便携","Beautify","推荐","pan123","","便携","none","","","搜狗输入法","yes","app27","","搜狗输入法（在 01_系统基础\输入法）","官方基础软件","official-base","https://1828566527.share.123pan.cn/123pan/2KXljv-SqGSv",""
"official-base.app28","流萤桌宠 -无表情版 → 流萤桌宠","美化便携","Beautify","推荐","pan123","","便携","none","","","-无表情版.zip","yes","app28","","流萤桌宠 -无表情版 → 流萤桌宠 -无表情版.zip","官方基础软件","official-base","https://1828566527.share.123pan.cn/123pan/2KXljv-SqGSv",""
"official-base.rar","初音电脑预设包 → 初音电脑预设包.rar /","美化便携","Beautify","推荐","pan123","","便携","none","","","初音电脑预设包2.zip","yes","rar","","初音电脑预设包 → 初音电脑预设包.rar / 初音电脑预设包2.zip","官方基础软件","official-base","https://1828566527.share.123pan.cn/123pan/2KXljv-SqGSv",""
"official-base.app29","初音鼠标","美化便携","Beautify","推荐","pan123","","便携","none","","","初音鼠标.rar","yes","app29","","初音鼠标 → 初音鼠标.rar","官方基础软件","official-base","https://1828566527.share.123pan.cn/123pan/2KXljv-SqGSv",""
"official-base.miku","miku皮肤","美化便携","Beautify","推荐","pan123","","便携","none","","","miku皮肤.rar","yes","miku","","miku皮肤 → miku皮肤.rar","官方基础软件","official-base","https://1828566527.share.123pan.cn/123pan/2KXljv-SqGSv",""
"official-base.zip2","美化本身.zip","美化便携","Beautify","推荐","pan123","","便携","none","","","美化本身.zip","yes","zip","","来自插件: 官方基础软件","官方基础软件","official-base","https://1828566527.share.123pan.cn/123pan/2KXljv-SqGSv",""
"official-base.Tickeys_Install_Tickeys_x64","Tickeys → Install Tickeys x64","美化便携","Beautify","推荐","pan123","","安装","none","","","1.2.0.msi","yes","Tickeys_Install_Tickeys_x64","","Tickeys → Install Tickeys x64 1.2.0.msi / .zip","官方基础软件","official-base","https://1828566527.share.123pan.cn/123pan/2KXljv-SqGSv",""
"official-base.MToolBox","MToolBox","美化便携","Beautify","推荐","pan123","","便携","none","","","MToolBox_v2.0.2.zip","yes","MToolBox","","MToolBox → MToolBox_v2.0.2.zip","官方基础软件","official-base","https://1828566527.share.123pan.cn/123pan/2KXljv-SqGSv",""
"official-base.Quicker","Quicker","美化便携","Beautify","推荐","pan123","","安装","none","","","Quicker.x64.1.44.55.0.msi","yes","Quicker","","Quicker → Quicker.x64.1.44.55.0.msi","官方基础软件","official-base","https://1828566527.share.123pan.cn/123pan/2KXljv-SqGSv",""
"official-base.RMT","RMT","美化便携","Beautify","推荐","pan123","","便携","none","","","RMTv1.0.9_x64.zip","yes","RMT","","RMT → RMTv1.0.9_x64.zip","官方基础软件","official-base","https://1828566527.share.123pan.cn/123pan/2KXljv-SqGSv",""
"official-base.Edge_.zip_.rar_.exe","Edge锁定.zip、桌面多开.rar、音量键分离.exe、","美化便携","Beautify","推荐","pan123","","便携","none","","","StudyWithMiku.zip","yes","Edge_.zip_.rar_.exe","","Edge锁定.zip、桌面多开.rar、音量键分离.exe、StudyWithMiku.zip","官方基础软件","official-base","https://1828566527.share.123pan.cn/123pan/2KXljv-SqGSv",""
"official-base.NVIDIA","NVIDIA 应用程序","系统基础","SystemBase","推荐","official","","安装","none","","https://www.nvidia.com/en-us/software/nvidia-app/","","","NVIDIA","","NVIDIA App (含 GeForce Experience 功能)","官方基础软件","official-base","",""
"official-base.NVIDIA_Container","NVIDIA Container","系统基础","SystemBase","推荐","official","","安装","none","","https://www.nvidia.com/en-us/software/nvidia-app/","","","NVIDIA_Container","","随 NVIDIA App / 显卡驱动一起安装","官方基础软件","official-base","",""
"official-base.Intel_Graphics","Intel Graphics 显卡驱动","系统基础","SystemBase","推荐","official","","安装","none","","https://www.intel.com/content/www/us/en/support/detect.html","","","Intel_Graphics","","Intel 驱动程序和支持助理自动检测","官方基础软件","official-base","",""
"official-base.Realtek","Realtek 音频驱动","系统基础","SystemBase","推荐","official","","安装","none","","https://www.realtek.com/Download/List?cate_id=584","","","Realtek","","来自插件: 官方基础软件","官方基础软件","official-base","",""
"official-base.Realtek2","Realtek 网卡驱动","系统基础","SystemBase","推荐","official","","安装","none","","https://www.realtek.com/Download/List?cate_id=584","","","Realtek","","来自插件: 官方基础软件","官方基础软件","official-base","",""
"official-base.Nahimic","Nahimic","系统基础","SystemBase","推荐","official","","安装","none","","https://apps.microsoft.com/store/search?query=Nahimic","","","Nahimic","","微软商店搜索安装 (随 OEM 提供)","官方基础软件","official-base","",""
"official-base.Lenovo_Fn","Lenovo Fn 快捷键驱动","系统基础","SystemBase","推荐","official","","安装","none","","https://newsupport.lenovo.com.cn/","","","Lenovo_Fn","","联想驱动页按型号搜索 Hotkeys","官方基础软件","official-base","",""
"official-base.Lenovo_ACPI","Lenovo ACPI 驱动","系统基础","SystemBase","推荐","official","","安装","none","","https://newsupport.lenovo.com.cn/","","","Lenovo_ACPI","","联想驱动页按型号搜索 ACPI","官方基础软件","official-base","",""
"official-base.GaomonTablet","GaomonTablet","系统基础","SystemBase","推荐","official","","安装","none","","https://www.gaomon.net/download/","","","GaomonTablet","","来自插件: 官方基础软件","官方基础软件","official-base","",""
"official-base.HUION","HUION 数位板驱动","系统基础","SystemBase","推荐","official","","安装","none","","https://www.huion.com/download/","","","HUION","","来自插件: 官方基础软件","官方基础软件","official-base","",""
"official-base.Iriun_Webcam","Iriun Webcam","系统基础","SystemBase","推荐","official","","安装","none","","https://iriun.com","","","Iriun_Webcam","","来自插件: 官方基础软件","官方基础软件","official-base","",""
"official-base.VB-Audio_Cable_A","VB-Audio Cable A","系统基础","SystemBase","推荐","official","","安装","none","","https://vb-audio.com/Cable/","","","VB-Audio_Cable_A","","来自插件: 官方基础软件","官方基础软件","official-base","",""
"official-base.Voicemeeter2","Voicemeeter","系统基础","SystemBase","推荐","official","","安装","none","","https://vb-audio.com/Voicemeeter/","","","Voicemeeter","","来自插件: 官方基础软件","官方基础软件","official-base","",""
"official-base.VBCABLE2","VBCABLE","系统基础","SystemBase","推荐","official","","安装","none","","https://vb-audio.com/Cable/","","","VBCABLE","","来自插件: 官方基础软件","官方基础软件","official-base","",""
"official-base.X-Rite_Color_Assistant","X-Rite Color Assistant","系统基础","SystemBase","推荐","official","","安装","none","","https://www.xrite.com/page/x-rite-color-assistant","","","X-Rite_Color_Assistant","","来自插件: 官方基础软件","官方基础软件","official-base","",""
"official-base.AISpeech","AISpeech","系统基础","SystemBase","推荐","official","","安装","none","","https://apps.microsoft.com/store/search?query=AISpeech","","","AISpeech","","微软商店搜索安装","官方基础软件","official-base","",""
"official-base.Xvdd_SCSI","Xvdd SCSI","系统基础","SystemBase","推荐","official","","安装","none","","https://apps.microsoft.com/store/search?query=Xbox","","","Xvdd_SCSI","","装 Xbox 应用 / Gaming Services 后自动修复","官方基础软件","official-base","",""
"official-base.Visual_C++_2008_x86","Visual C++ 2008 (x86)","系统基础","SystemBase","推荐","winget","Microsoft.VCRedist.2008.x86","安装","none","","","","","Visual_C++_2008_x86","","来自插件: 官方基础软件","官方基础软件","official-base","",""
"official-base.Visual_C++_2008_x64","Visual C++ 2008 (x64)","系统基础","SystemBase","推荐","winget","Microsoft.VCRedist.2008.x64","安装","none","","","","","Visual_C++_2008_x64","","来自插件: 官方基础软件","官方基础软件","official-base","",""
"official-base.Visual_C++_2010_x86","Visual C++ 2010 (x86)","系统基础","SystemBase","推荐","winget","Microsoft.VCRedist.2010.x86","安装","none","","","","","Visual_C++_2010_x86","","来自插件: 官方基础软件","官方基础软件","official-base","",""
"official-base.Visual_C++_2010_x64","Visual C++ 2010 (x64)","系统基础","SystemBase","推荐","winget","Microsoft.VCRedist.2010.x64","安装","none","","","","","Visual_C++_2010_x64","","来自插件: 官方基础软件","官方基础软件","official-base","",""
"official-base.Visual_C++_2012_x86","Visual C++ 2012 (x86)","系统基础","SystemBase","推荐","winget","Microsoft.VCRedist.2012.x86","安装","none","","","","","Visual_C++_2012_x86","","来自插件: 官方基础软件","官方基础软件","official-base","",""
"official-base.Visual_C++_2012_x64","Visual C++ 2012 (x64)","系统基础","SystemBase","推荐","winget","Microsoft.VCRedist.2012.x64","安装","none","","","","","Visual_C++_2012_x64","","来自插件: 官方基础软件","官方基础软件","official-base","",""
"official-base.Visual_C++_2013_x86","Visual C++ 2013 (x86)","系统基础","SystemBase","推荐","winget","Microsoft.VCRedist.2013.x86","安装","none","","","","","Visual_C++_2013_x86","","来自插件: 官方基础软件","官方基础软件","official-base","",""
"official-base.Visual_C++_2013_x64","Visual C++ 2013 (x64)","系统基础","SystemBase","推荐","winget","Microsoft.VCRedist.2013.x64","安装","none","","","","","Visual_C++_2013_x64","","来自插件: 官方基础软件","官方基础软件","official-base","",""
"official-base.Visual_C++_2015-2022_x86","Visual C++ 2015-2022 (x86)","系统基础","SystemBase","推荐","winget","Microsoft.VCRedist.2015+.x86","安装","none","","","","","Visual_C++_2015-2022_x86","","来自插件: 官方基础软件","官方基础软件","official-base","",""
"official-base.Visual_C++_2015-2022_x64","Visual C++ 2015-2022 (x64)","系统基础","SystemBase","推荐","winget","Microsoft.VCRedist.2015+.x64","安装","none","","","","","Visual_C++_2015-2022_x64","","来自插件: 官方基础软件","官方基础软件","official-base","",""
"official-base.NET_6_Desktop_Runtime",".NET 6 Desktop Runtime","系统基础","SystemBase","推荐","winget","Microsoft.DotNet.DesktopRuntime.6","安装","none","","","","","NET_6_Desktop_Runtime","","来自插件: 官方基础软件","官方基础软件","official-base","",""
"official-base.NET_8_Desktop_Runtime",".NET 8 Desktop Runtime","系统基础","SystemBase","推荐","winget","Microsoft.DotNet.DesktopRuntime.8","安装","none","","","","","NET_8_Desktop_Runtime","","来自插件: 官方基础软件","官方基础软件","official-base","",""
"official-base.XNA_Framework_4.0","XNA Framework 4.0","系统基础","SystemBase","推荐","official","","安装","none","","https://www.microsoft.com/en-us/download/details.aspx?id=20914","","","XNA_Framework_4.0","","来自插件: 官方基础软件","官方基础软件","official-base","",""
"official-base.Java_25","Java 25","系统基础","SystemBase","推荐","official","","安装","none","","https://www.java.com/download/","","","Java_25","","来自插件: 官方基础软件","官方基础软件","official-base","",""
"official-base.OpenJDK_21","OpenJDK 21","系统基础","SystemBase","推荐","winget","Microsoft.OpenJDK.21","安装","none","","","","","OpenJDK_21","","来自插件: 官方基础软件","官方基础软件","official-base","",""
"official-base.GameInput","GameInput","系统基础","SystemBase","推荐","winget","Microsoft.GameInput","安装","none","","","","","GameInput","","来自插件: 官方基础软件","官方基础软件","official-base","",""
"official-base.Edge_WebView2_Runtime","Edge WebView2 Runtime","系统基础","SystemBase","推荐","official","","安装","none","","https://developer.microsoft.com/microsoft-edge/webview2/","","","Edge_WebView2_Runtime","","来自插件: 官方基础软件","官方基础软件","official-base","",""
"official-base.app30","超级互联","网络下载","NetDownload","推荐","official","","安装","none","","https://apps.microsoft.com/store/search?query=超级互联","","","app30","","联想 Smart Connect, 微软商店搜索","官方基础软件","official-base","",""
"official-base.Microsoft_Teams","Microsoft Teams","网络下载","NetDownload","推荐","winget","Microsoft.Teams","安装","none","","","","","Microsoft_Teams","","来自插件: 官方基础软件","官方基础软件","official-base","",""
"official-base.Outlook","Outlook 桌面版","网络下载","NetDownload","推荐","winget","Microsoft.OutlookForWindows","安装","none","","","","","Outlook","","来自插件: 官方基础软件","官方基础软件","official-base","",""
"official-base.OneDrive","OneDrive","网络下载","NetDownload","推荐","winget","Microsoft.OneDrive","安装","none","","","","","OneDrive","","来自插件: 官方基础软件","官方基础软件","official-base","",""
"official-base.Microsoft_Edge","Microsoft Edge 离线安装包","网络下载","NetDownload","推荐","official","","安装","none","","https://www.microsoft.com/zh-cn/edge/business/download","","","Microsoft_Edge","","来自插件: 官方基础软件","官方基础软件","official-base","",""
"official-base.Windows_Terminal","Windows Terminal","开发AI","DevAI","推荐","winget","Microsoft.WindowsTerminal","安装","none","","","","","Windows_Terminal","","来自插件: 官方基础软件","官方基础软件","official-base","",""
"official-base.GitHub-Store","GitHub-Store","开发AI","DevAI","推荐","official","","安装","none","","https://github.com/search?q=github-store&type=repositories","","","GitHub-Store","","GitHub 搜索项目","官方基础软件","official-base","",""
"official-base.X-Rite_Color_Assistant2","X-Rite Color Assistant","平面绘画","DigitalArt","推荐","official","","安装","none","","https://www.xrite.com/page/x-rite-color-assistant","","","X-Rite_Color_Assistant","","来自插件: 官方基础软件","官方基础软件","official-base","",""
"official-base.AdGuard","AdGuard 广告拦截器","Edge 扩展","EdgeExt","推荐","official","","安装","none","","https://microsoftedge.microsoft.com/addons/search/AdGuard","","","AdGuard","","Edge 商店搜索页, 点「获取」安装","官方基础软件","official-base","",""
"official-base.Tampermonkey","Tampermonkey","Edge 扩展","EdgeExt","推荐","official","","安装","none","","https://chromewebstore.google.com/detail/tampermonkey/dhdgffkkebhmkfjojejmpbldmpobfkfo","","","Tampermonkey","","Chrome 商店页, Edge 打开点「获取」","官方基础软件","official-base","",""
"official-base.Immersive_Translate","沉浸式翻译 (Immersive Translate)","Edge 扩展","EdgeExt","推荐","official","","安装","none","","https://microsoftedge.microsoft.com/addons/search/Immersive%20Translate","","","Immersive_Translate","","Edge 商店搜索页","官方基础软件","official-base","",""
"official-base.iTab","iTab 新标签页","Edge 扩展","EdgeExt","推荐","official","","安装","none","","https://microsoftedge.microsoft.com/addons/search/iTab","","","iTab","","Edge 商店搜索页","官方基础软件","official-base","",""
"official-base.ScriptCat","ScriptCat 脚本猫","Edge 扩展","EdgeExt","推荐","official","","安装","none","","https://microsoftedge.microsoft.com/addons/search/ScriptCat","","","ScriptCat","","Edge 商店搜索页","官方基础软件","official-base","",""
"official-base.SteamDB","SteamDB","Edge 扩展","EdgeExt","推荐","official","","安装","none","","https://microsoftedge.microsoft.com/addons/search/SteamDB","","","SteamDB","","Edge 商店搜索页","官方基础软件","official-base","",""
"official-base.Global_Speed","Global Speed","Edge 扩展","EdgeExt","推荐","official","","安装","none","","https://microsoftedge.microsoft.com/addons/search/Global%20Speed","","","Global_Speed","","Edge 商店搜索页","官方基础软件","official-base","",""
"official-base.AIX_Downloader_AIX","AIX Downloader (AIX智能下载)","Edge 扩展","EdgeExt","推荐","official","","安装","none","","https://microsoftedge.microsoft.com/addons/search/AIX%20Downloader","","","AIX_Downloader_AIX","","Edge 商店搜索页","官方基础软件","official-base","",""
"official-base.ImageAssistant","ImageAssistant 图片助手","Edge 扩展","EdgeExt","推荐","official","","安装","none","","https://microsoftedge.microsoft.com/addons/search/ImageAssistant","","","ImageAssistant","","Edge 商店搜索页","官方基础软件","official-base","",""
"official-base.NeatDownloadManager","NeatDownloadManager","Edge 扩展","EdgeExt","推荐","official","","安装","none","","https://microsoftedge.microsoft.com/addons/search/NeatDownloadManager","","","NeatDownloadManager","","Edge 商店搜索页","官方基础软件","official-base","",""
"official-base.Listen13","Listen1","Edge 扩展","EdgeExt","推荐","official","","安装","none","","https://microsoftedge.microsoft.com/addons/search/Listen1","","","Listen1","","Edge 商店搜索页","官方基础软件","official-base","",""
"official-base.app31","初音未来主题","Edge 扩展","EdgeExt","推荐","official","","安装","none","","https://microsoftedge.microsoft.com/addons/search/Hatsune%20Miku%20theme","","","app31","","Edge 商店搜索页 (主题类)","官方基础软件","official-base","",""
"demo-tools.mytool","示例便携工具","我的工具","MyTools","推荐","pan123","","便携","none","","","示例便携工具.7z","yes","MyTool","","放在我自己的 123 云盘分享里，启动器会用登录态把它拉下来再解压","示例插件 · 我的常用工具","demo-tools","https://1828566527.share.123pan.cn/123pan/2KXljv-YXcuv",""
"demo-tools.officialsample","示例官网安装器","我的工具","MyTools","按需","official","","便携","none","","https://download.sysinternals.com/files/Autoruns.zip","Autoruns.zip","yes","AutorunsSample","","官网直链，会自动下载到缓存再解压到目标目录","示例插件 · 我的常用工具","demo-tools","",""
"demo-tools.wingetsample","示例 winget 应用","基础工具","BasicTools","按需","winget","voidtools.Everything","安装","arp","Everything","","","","winget","","直接走 winget 静默安装","示例插件 · 我的常用工具","demo-tools","",""
